localite,delegation,gouvernorat,region,code_postal,aliases,confidence
BOU MERDES,BOU MERDES,MAHDIA,CENTRE-EST,,BOU MERDES,HIGH
CHEBBA,CHEBBA,MAHDIA,CENTRE-EST,,CHEBBA,HIGH
CHORBANE,CHORBANE,MAHDIA,CENTRE-EST,,CHORBANE,HIGH
EL JEM,EL JEM,MAHDIA,CENTRE-EST,,EL JEM;EL DJEM,HIGH
HBIRA,HBIRA,MAHDIA,CENTRE-EST,,HBIRA,HIGH
KSOUR ESSAF,KSOUR ESSAF,MAHDIA,CENTRE-EST,,KSOUR ESSAF;KSOUR ESSEF,HIGH
EZZAHRA,MAHDIA,MAHDIA,CENTRE-EST,,EZZAHRA MAHDIA,HIGH
MAHDIA,MAHDIA,MAHDIA,CENTRE-EST,,MAHDIA,HIGH
MELLOULECH,MELLOULECH,MAHDIA,CENTRE-EST,,MELLOULECH,HIGH
OULED CHAMEKH,OULED CHAMEKH,MAHDIA,CENTRE-EST,,OULED CHAMEKH,HIGH
SIDI ALOUANE,SIDI ALOUANE,MAHDIA,CENTRE-EST,,SIDI ALOUANE,HIGH
SOUASSI,SOUASSI,MAHDIA,CENTRE-EST,,SOUASSI,HIGH
BEKALTA,BEKALTA,MONASTIR,CENTRE-EST,,BEKALTA,HIGH
BEMBLA,BEMBLA,MONASTIR,CENTRE-EST,,BEMBLA,HIGH
JEMMAL,JEMMAL,MONASTIR,CENTRE-EST,,JEMMAL;JEMMEL,HIGH
MENZEL ENOUR,JEMMAL,MONASTIR,CENTRE-EST,,MENZEL ENOUR;MENZEL ENNOUR,HIGH
KSAR HELLAL,KSAR HELLAL,MONASTIR,CENTRE-EST,,KSAR HELLAL,HIGH
KSIBET EL MEDIOUNI,KSIBET EL MEDIOUNI,MONASTIR,CENTRE-EST,,KSIBET EL MEDIOUNI,HIGH
MOKNINE,MOKNINE,MONASTIR,CENTRE-EST,,MOKNINE,HIGH
KHNISS,MONASTIR,MONASTIR,CENTRE-EST,,KHNISS,HIGH
MONASTIR,MONASTIR,MONASTIR,CENTRE-EST,,MONASTIR;MONASTIR VILLE,HIGH
OUERDANINE,OUERDANINE,MONASTIR,CENTRE-EST,,OUERDANINE,HIGH
SAHLINE,SAHLINE,MONASTIR,CENTRE-EST,,SAHLINE,HIGH
BOU HAJAR,SAYADA LAMTA BOU HAJAR,MONASTIR,CENTRE-EST,,BOU HAJAR,HIGH
LAMTA,SAYADA LAMTA BOU HAJAR,MONASTIR,CENTRE-EST,,LAMTA,HIGH
SAYADA,SAYADA LAMTA BOU HAJAR,MONASTIR,CENTRE-EST,,SAYADA,HIGH
TEBOULBA,TEBOULBA,MONASTIR,CENTRE-EST,,TEBOULBA,HIGH
ZERAMDINE,ZERAMDINE,MONASTIR,CENTRE-EST,,ZERAMDINE,HIGH
AGAREB,AGAREB,SFAX,CENTRE-EST,,AGAREB,HIGH
BIR ALI BEN KHALIFA,BIR ALI BEN KHALIFA,SFAX,CENTRE-EST,,BIR ALI BEN KHALIFA,HIGH
CHIHIA,CHIHIA,SFAX,CENTRE-EST,,CHIHIA;CHIHYA,HIGH
EL AMRA,EL AMRA,SFAX,CENTRE-EST,,EL AMRA,HIGH
EL HENCHA,EL HENCHA,SFAX,CENTRE-EST,,EL HENCHA;HENCHA,HIGH
GREMDA,GREMDA,SFAX,CENTRE-EST,,GREMDA,HIGH
JEBENIANA,JEBENIANA,SFAX,CENTRE-EST,,JEBENIANA;JEBINIANA,HIGH
KERKENNAH,KERKENNAH,SFAX,CENTRE-EST,,KERKENNAH;KERKENA,HIGH
MAHRES,MAHRES,SFAX,CENTRE-EST,,MAHRES,HIGH
MENZEL CHAKER,MENZEL CHAKER,SFAX,CENTRE-EST,,MENZEL CHAKER;MZEL CHAKER,HIGH
SAKIET EDDAIER,SAKIET EDDAIER,SFAX,CENTRE-EST,,SAKIET EDDAIER;SKT EDDAIER;SAKIET DAIR,HIGH
SAKIET EZZIT,SAKIET EZZIT,SFAX,CENTRE-EST,,SAKIET EZZIT;SAKIT EZZIT,HIGH
ROUTE TENIOUR,SFAX,SFAX,CENTRE-EST,,RTE TENIOUR;ROUTE TENIOUR,HIGH
SALTANIA,SFAX,SFAX,CENTRE-EST,,SALTANIA,HIGH
SFAX,SFAX,SFAX,CENTRE-EST,,SFAX;SFAX VILLE;SFX;SFA;SAFX,HIGH
SKHIRA,SKHIRA,SFAX,CENTRE-EST,,SKHIRA,HIGH
AKOUDA,AKOUDA,SOUSSE,CENTRE-EST,,AKOUDA,HIGH
BOUFICHA,BOUFICHA,SOUSSE,CENTRE-EST,,BOUFICHA,HIGH
ENFIDHA,ENFIDHA,SOUSSE,CENTRE-EST,,ENFIDHA;ENFIDHA HAMMAMET,HIGH
HAMMAM SOUSSE,HAMMAM SOUSSE,SOUSSE,CENTRE-EST,,HAMMAM SOUSSE,HIGH
HERGLA,HERGLA,SOUSSE,CENTRE-EST,,HERGLA,HIGH
KALAA KEBIRA,KALAA KEBIRA,SOUSSE,CENTRE-EST,,KALAA KEBIRA;KALAA EL KEBIRA;K KBIRA;KALAA KOBRA,HIGH
KALAA SEGHIRA,KALAA SEGHIRA,SOUSSE,CENTRE-EST,,KALAA SEGHIRA;K SEGHIRA;KALAA ESSGUIRA,HIGH
KONDAR,KONDAR,SOUSSE,CENTRE-EST,,KONDAR,HIGH
KSIBET CHATT,KSIBET CHATT,SOUSSE,CENTRE-EST,,KSIBET CHATT;KSIBET;KSIBET SOUSSE,HIGH
MSAKEN,MSAKEN,SOUSSE,CENTRE-EST,,MSAKEN;M SAKEN;M SAKENE,HIGH
SIDI BOU ALI,SIDI BOU ALI,SOUSSE,CENTRE-EST,,SIDI BOU ALI,HIGH
SIDI EL HANI,SIDI EL HANI,SOUSSE,CENTRE-EST,,SIDI EL HANI,HIGH
SOUSSE,SOUSSE,SOUSSE,CENTRE-EST,,SOUSSE;SOUSSE VILLE,HIGH
BOU HAJLA,BOU HAJLA,KAIROUAN,CENTRE-OUEST,,BOU HAJLA,HIGH
CHERARDA,CHERARDA,KAIROUAN,CENTRE-OUEST,,CHERARDA;CHRARDA,HIGH
EL ALA,EL ALA,KAIROUAN,CENTRE-OUEST,,EL ALA,HIGH
HAFFOUZ,HAFFOUZ,KAIROUAN,CENTRE-OUEST,,HAFFOUZ,HIGH
HAJEB EL AYOUN,HAJEB EL AYOUN,KAIROUAN,CENTRE-OUEST,,HAJEB EL AYOUN,HIGH
KAIROUAN,KAIROUAN,KAIROUAN,CENTRE-OUEST,,KAIROUAN;KAIROUEN;KEROUAN,HIGH
NASRALLAH,NASRALLAH,KAIROUAN,CENTRE-OUEST,,NASRALLAH;NASRRALLAH,HIGH
EL WESLATIA,OUESLATIA,KAIROUAN,CENTRE-OUEST,,EL WESLATIA,HIGH
OUESLATIA,OUESLATIA,KAIROUAN,CENTRE-OUEST,,OUESLATIA,HIGH
SBIKHA,SBIKHA,KAIROUAN,CENTRE-OUEST,,SBIKHA,HIGH
EL AYOUN,EL AYOUN,KASSERINE,CENTRE-OUEST,,EL AYOUN;AYOUN,HIGH
FERIANA,FERIANA,KASSERINE,CENTRE-OUEST,,FERIANA,HIGH
FOUSSANA,FOUSSANA,KASSERINE,CENTRE-OUEST,,FOUSSANA,HIGH
HIDRA,HIDRA,KASSERINE,CENTRE-OUEST,,HIDRA;HAIDRA,HIGH
JEDLIANE,JEDLIANE,KASSERINE,CENTRE-OUEST,,JEDLIANE;JEDELIENNE,HIGH
KASSERINE,KASSERINE,KASSERINE,CENTRE-OUEST,,KASSERINE;KASSERIEN;KASSSERINE,HIGH
MAJEL BEL ABBES,MAJEL BEL ABBES,KASSERINE,CENTRE-OUEST,,MAJEL BEL ABBES,HIGH
SBEITLA,SBEITLA,KASSERINE,CENTRE-OUEST,,SBEITLA,HIGH
SBIBA,SBIBA,KASSERINE,CENTRE-OUEST,,SBIBA;SEBIBA,HIGH
THALA,THALA,KASSERINE,CENTRE-OUEST,,THALA,HIGH
BIR EL HAFEY,BIR EL HAFEY,SIDI BOUZID,CENTRE-OUEST,,BIR EL HAFEY,HIGH
CEBALET OULED ASKER,CEBALET OULED ASKER,SIDI BOUZID,CENTRE-OUEST,,CEBALET OULED ASKER,HIGH
JILMA,JILMA,SIDI BOUZID,CENTRE-OUEST,,JILMA;JELMA,HIGH
MEKNASSY,MEKNASSY,SIDI BOUZID,CENTRE-OUEST,,MEKNASSY,HIGH
MENZEL BOUZAIENE,MENZEL BOUZAIENE,SIDI BOUZID,CENTRE-OUEST,,MENZEL BOUZAIENE;MENZEL BOUZAIENNE,HIGH
MEZZOUNA,MEZZOUNA,SIDI BOUZID,CENTRE-OUEST,,MEZZOUNA;MAZZOUNA,HIGH
OULED HAFFOUZ,OULED HAFFOUZ,SIDI BOUZID,CENTRE-OUEST,,OULED HAFFOUZ;WELED HAFFOUZ,HIGH
REGUEB,REGUEB,SIDI BOUZID,CENTRE-OUEST,,REGUEB;RGUEB,HIGH
SIDI ALI BEN AOUN,SIDI ALI BEN AOUN,SIDI BOUZID,CENTRE-OUEST,,SIDI ALI BEN AOUN,HIGH
SIDI BOUZID,SIDI BOUZID,SIDI BOUZID,CENTRE-OUEST,,SIDI BOUZID;SIDI BOUSID;SIDI BOUZAID,HIGH
SOUK JEDID,SOUK JEDID,SIDI BOUZID,CENTRE-OUEST,,SOUK JEDID,HIGH
ARIANA,ARIANA,ARIANA,GRAND TUNIS,,ARIANA VILLE,HIGH
ARIANA,ARIANA VILLE,ARIANA,GRAND TUNIS,,ARIANA;ARIANA VILLE;ARI;ARIA;ARIAN,HIGH
ETTADHAMEN,ETTADHAMEN,ARIANA,GRAND TUNIS,,ETTADHAMEN;CITE ETTADHAMEN,HIGH
KALAAT EL ANDALOUS,KALAAT EL ANDALOUS,ARIANA,GRAND TUNIS,,KALAAT EL ANDALOUS;KALAAT LANDLOUS;KALAAT LANDALOUS,HIGH
LA SOUKRA,LA SOUKRA,ARIANA,GRAND TUNIS,,LA SOUKRA;SOUKRA,HIGH
MNIHLA,MNIHLA,ARIANA,GRAND TUNIS,,MNIHLA;MNIHLA VILLE;MNIH,HIGH
RAOUED,RAOUED,ARIANA,GRAND TUNIS,,RAOUED;RAO,HIGH
SIDI THABET,SIDI THABET,ARIANA,GRAND TUNIS,,SIDI THABET;SIDI THAB,HIGH
BEN AROUS,BEN AROUS,BEN AROUS,GRAND TUNIS,,BEN AROUS;BENAROUS;BENA ROUS;BEN ARUS,HIGH
BOU MHEL EL BASSATINE,BOU MHEL EL BASSATINE,BEN AROUS,GRAND TUNIS,,BOU MHEL;BOUMHEL;BOU MHEL EL BASSATINE,HIGH
EL MOUROUJ,EL MOUROUJ,BEN AROUS,GRAND TUNIS,,EL MOUROUJ;MOUROUJ;EL MOUR,HIGH
EZZAHRA,EZZAHRA,BEN AROUS,GRAND TUNIS,,EZZAHRA;EZ ZAHRA,HIGH
FOUCHANA,FOUCHANA,BEN AROUS,GRAND TUNIS,,FOUCHANA,HIGH
HAMMAM CHOTT,HAMMAM CHOTT,BEN AROUS,GRAND TUNIS,,HAMMAM CHOTT;HAMMAM CHATT,HIGH
HAMMAM LIF,HAMMAM LIF,BEN AROUS,GRAND TUNIS,,HAMMAM LIF,HIGH
MEDINA JEDIDA,MEDINA JEDIDA,BEN AROUS,GRAND TUNIS,,MEDINA JEDIDA;NOUVELLE MEDINA,HIGH
MEGRINE,MEGRINE,BEN AROUS,GRAND TUNIS,,MEGRINE,HIGH
MOHAMEDIA,MOHAMEDIA,BEN AROUS,GRAND TUNIS,,MOHAMEDIA;MOHAMADIA;MOHAMMEDIA,HIGH
MORNAG,MORNAG,BEN AROUS,GRAND TUNIS,,MORNAG,HIGH
RADES,RADES,BEN AROUS,GRAND TUNIS,,RADES,HIGH
BORJ EL AMRI,BORJ EL AMRI,MANOUBA,GRAND TUNIS,,BORJ EL AMRI,HIGH
DOUAR HICHER,DOUAR HICHER,MANOUBA,GRAND TUNIS,,DOUAR HICHER,HIGH
EL BATTAN,EL BATTAN,MANOUBA,GRAND TUNIS,,EL BATTAN,HIGH
JEDAIDA,JEDAIDA,MANOUBA,GRAND TUNIS,,JEDAIDA;JEDEIDA,HIGH
DENDEN,MANOUBA,MANOUBA,GRAND TUNIS,,DENDEN,HIGH
MANOUBA,MANOUBA,MANOUBA,GRAND TUNIS,,MANOUBA;MANNOUBA;LA MANNOUBA,HIGH
MORNAGUIA,MORNAGUIA,MANOUBA,GRAND TUNIS,,MORNAGUIA,HIGH
OUED ELLIL,OUED ELLIL,MANOUBA,GRAND TUNIS,,OUED ELLIL;OUED ELIL;OUED ELLILI,HIGH
TEBOURBA,TEBOURBA,MANOUBA,GRAND TUNIS,,TEBOURBA,HIGH
BAB BHAR,BAB BHAR,TUNIS,GRAND TUNIS,,BAB BHAR;PORTE DE FRANCE,HIGH
BAB SOUIKA,BAB SOUIKA,TUNIS,GRAND TUNIS,,BAB SOUIKA,HIGH
CARTHAGE,CARTHAGE,TUNIS,GRAND TUNIS,,CARTHAGE;SIDI BOU SAID,HIGH
CITE EL KHADRA,CITE EL KHADRA,TUNIS,GRAND TUNIS,,CITE EL KHADRA;EL KHADRA,HIGH
DJEBEL JELLOUD,DJEBEL JELLOUD,TUNIS,GRAND TUNIS,,DJEBEL JELLOUD;JEBEL JELLOUD,HIGH
EL HRAIRIA,EL HRAIRIA,TUNIS,GRAND TUNIS,,HRAIRIA,HIGH
EL KABARIA,EL KABARIA,TUNIS,GRAND TUNIS,,KABARIA;EL KABBARIA,HIGH
EL MENZAH,EL MENZAH,TUNIS,GRAND TUNIS,,EL MENZAH;MENZAH;MANZEH,HIGH
EL OMRANE,EL OMRANE,TUNIS,GRAND TUNIS,,EL OMRANE,HIGH
EL OMRANE SUPERIEUR,EL OMRANE SUPERIEUR,TUNIS,GRAND TUNIS,,EL OMRANE SUPERIEUR,HIGH
EL OUARDIA,EL OUARDIA,TUNIS,GRAND TUNIS,,OUARDIA;EL WARDIA,HIGH
ETTAHRIR,ETTAHRIR,TUNIS,GRAND TUNIS,,ETTAHRIR;TAHRIR,HIGH
EZZOUHOUR,EZZOUHOUR,TUNIS,GRAND TUNIS,,EZZOUHOUR;ZOUHOUR,HIGH
LA GOULETTE,LA GOULETTE,TUNIS,GRAND TUNIS,,LA GOULETTE;GOULETTE,HIGH
LA MARSA,LA MARSA,TUNIS,GRAND TUNIS,,LA MARSA;MARSA;GAMMARTH,HIGH
LE BARDO,LE BARDO,TUNIS,GRAND TUNIS,,BARDO;LE BARDO,HIGH
EL KRAM,LE KRAM,TUNIS,GRAND TUNIS,,EL KRAM;LE KRAM;KRAM,HIGH
SEJOUMI,SEJOUMI,TUNIS,GRAND TUNIS,,SEJOUMI;SEJOUMI,HIGH
SIDI EL BECHIR,SIDI EL BECHIR,TUNIS,GRAND TUNIS,,SIDI EL BECHIR,HIGH
SIDI HASSINE,SIDI HASSINE,TUNIS,GRAND TUNIS,,SIDI HASSINE;SIDI HSSINE,HIGH
TUNIS,TUNIS,TUNIS,GRAND TUNIS,,TUNIS VILLE;MEDINA,HIGH
BIZERTE,BIZERTE,BIZERTE,NORD-EST,,BIZERTE;BIZERT;BIZERTA;BIZERTE VILLE,HIGH
EL ALIA,EL ALIA,BIZERTE,NORD-EST,,EL ALIA;ALIA,HIGH
GHAR EL MELH,GHAR EL MELH,BIZERTE,NORD-EST,,GHAR EL MELH;GHAR ELMELH,HIGH
GHEZALA,GHEZALA,BIZERTE,NORD-EST,,GHEZALA;GHZELA,HIGH
JOUMINE,JOUMINE,BIZERTE,NORD-EST,,JOUMINE,HIGH
MATEUR,MATEUR,BIZERTE,NORD-EST,,MATEUR,HIGH
MENZEL BOURGUIBA,MENZEL BOURGUIBA,BIZERTE,NORD-EST,,MENZEL BOURGUIBA;MZEL BOURGUIBA,HIGH
EL AZIB,MENZEL JEMIL,BIZERTE,NORD-EST,,EL AZIB,HIGH
MENZEL JEMIL,MENZEL JEMIL,BIZERTE,NORD-EST,,MENZEL JEMIL;MZEL JEMIL;MLE JEMILE;ML JEMIL,HIGH
RAFRAF,RAS JEBEL,BIZERTE,NORD-EST,,RAFRAF;RAF RAF,HIGH
RAS JEBEL,RAS JEBEL,BIZERTE,NORD-EST,,RAS JEBEL;RAS JBEL,HIGH
SEJNENE,SEJNENE,BIZERTE,NORD-EST,,SEJNENE;SAJNENE;SEJNANE,HIGH
TINJA,TINJA,BIZERTE,NORD-EST,,TINJA;TINDJA,HIGH
UTIQUE,UTIQUE,BIZERTE,NORD-EST,,UTIQUE,HIGH
BENI KHALLED,BENI KHALLED,NABEUL,NORD-EST,,BENI KHALLED,HIGH
BENI KHIAR,BENI KHIAR,NABEUL,NORD-EST,,BENI KHIAR,HIGH
BOU ARGOUB,BOU ARGOUB,NABEUL,NORD-EST,,BOU ARGOUB;BOUARGOUB,HIGH
DAR CHAABANE,DAR CHAABANE EL FEHRI,NABEUL,NORD-EST,,DAR CHAABANE;DAR CHAABANE EL FEHRI;DAR CHAABANE FEHRI,HIGH
EL HAOUARIA,EL HAOUARIA,NABEUL,NORD-EST,,EL HAOUARIA;HAOUARIA,HIGH
EL MAAMOURA,EL MAAMOURA,NABEUL,NORD-EST,,EL MAAMOURA;MAAMOURA,HIGH
GROMBALIA,GROMBALIA,NABEUL,NORD-EST,,GROMBALIA,HIGH
HAMMAM GHEZAZ,HAMMAM GHEZAZ,NABEUL,NORD-EST,,HAMMAM GHEZAZ,HIGH
HAMMAMET,HAMMAMET,NABEUL,NORD-EST,,HAMMAMET,HIGH
KELIBIA,KELIBIA,NABEUL,NORD-EST,,KELIBIA;KLIBIA,HIGH
KORBA,KORBA,NABEUL,NORD-EST,,KORBA,HIGH
MENZEL BOUZELFA,MENZEL BOUZELFA,NABEUL,NORD-EST,,MENZEL BOUZELFA;MZEL BOUZELFA,HIGH
MENZEL TEMIME,MENZEL TEMIME,NABEUL,NORD-EST,,MENZEL TEMIME;MZEL TEMIME,HIGH
NABEUL,NABEUL,NABEUL,NORD-EST,,NABEL;NABEOUL;NABEUL VILLE,HIGH
SOLIMAN,SOLIMAN,NABEUL,NORD-EST,,SOLIMAN;SLIMEN,HIGH
SOMAA,SOMAA,NABEUL,NORD-EST,,SOMAA,HIGH
TAKELSA,TAKELSA,NABEUL,NORD-EST,,TAKELSA,HIGH
BIR MCHERGA,BIR MCHERGA,ZAGHOUAN,NORD-EST,,BIR MCHERGA;BIR MCHARGA,HIGH
FAHS,EL FAHS,ZAGHOUAN,NORD-EST,,FAHS;EL FAHS;ELFAHS,HIGH
NADHOUR,NADHOUR,ZAGHOUAN,NORD-EST,,NADHOUR;ENNADHOUR,HIGH
SAOUAF,SAOUAF,ZAGHOUAN,NORD-EST,,SAOUAF,HIGH
ZAGHOUAN,ZAGHOUAN,ZAGHOUAN,NORD-EST,,ZAGHOUAN;ZAGHOUANE,HIGH
AIN ZAGHOUAN,ZAGHOUAN,ZAGHOUAN,NORD-EST,1100,AIN ZAGHOUAN;AIN ZAGHOUANE;AIN ZAGHOUANA,HIGH
ZRIBA,ZRIBA,ZAGHOUAN,NORD-EST,,ZRIBA;ZRIBA HAMMAM,HIGH
AMDOUN,AMDOUN,BEJA,NORD-OUEST,,AMDOUN,HIGH
BEJA,BEJA,BEJA,NORD-OUEST,,BEJA;BEJA VILLE,HIGH
GOUBELLAT,GOUBELLAT,BEJA,NORD-OUEST,,GOUBELLAT,HIGH
MEDJEZ EL BAB,MEDJEZ EL BAB,BEJA,NORD-OUEST,,MEDJEZ EL BAB;MEDJEZ;MEJEZ EL BAB,HIGH
NEFZA,NEFZA,BEJA,NORD-OUEST,,NEFZA,HIGH
TEBOURSOUK,TEBOURSOUK,BEJA,NORD-OUEST,,TEBOURSOUK;TBORSOUK,HIGH
TESTOUR,TESTOUR,BEJA,NORD-OUEST,,TESTOUR,HIGH
THIBAR,THIBAR,BEJA,NORD-OUEST,,THIBAR,HIGH
AIN DRAHAM,AIN DRAHAM,JENDOUBA,NORD-OUEST,,AIN DRAHAM,HIGH
BALTA BOU AOUANE,BALTA BOU AOUANE,JENDOUBA,NORD-OUEST,,BALTA;BALTA BOU AOUANE,HIGH
BOU SALEM,BOU SALEM,JENDOUBA,NORD-OUEST,,BOU SALEM;BOUSALEM,HIGH
FERNANA,FERNANA,JENDOUBA,NORD-OUEST,,FERNANA,HIGH
GHARDIMAOU,GHARDIMAOU,JENDOUBA,NORD-OUEST,,GHARDIMAOU,HIGH
JENDOUBA,JENDOUBA,JENDOUBA,NORD-OUEST,,JENDOUBA;JANDOUBA,HIGH
OUED MELIZ,OUED MELIZ,JENDOUBA,NORD-OUEST,,OUED MELIZ;OUEDMLIZ;OUED MLIZ,HIGH
TABARKA,TABARKA,JENDOUBA,NORD-OUEST,,TABARKA,HIGH
DAHMANI,DAHMANI,KEF,NORD-OUEST,,DAHMANI,HIGH
JERISSA,JERISSA,KEF,NORD-OUEST,,JERISSA,HIGH
KALAAT KHASBA,KALAAT KHASBA,KEF,NORD-OUEST,,KALAAT KHASBA;KALAA KHASBA,HIGH
KALAAT SENAN,KALAAT SENAN,KEF,NORD-OUEST,,KALAAT SENAN;KALAA SENAN,HIGH
KEF,KEF,KEF,NORD-OUEST,,KEF;EL KEF;LE KEF,HIGH
LES KSOUR,LES KSOUR,KEF,NORD-OUEST,,LES KSOUR;KSOUR,HIGH
NEBEUR,NEBEUR,KEF,NORD-OUEST,,NEBEUR,HIGH
SAKIET SIDI YOUSSEF,SAKIET SIDI YOUSSEF,KEF,NORD-OUEST,,SAKIET SIDI YOUSSEF,HIGH
TAJEROUINE,TAJEROUINE,KEF,NORD-OUEST,,TAJEROUINE,HIGH
TOUIREF,TOUIREF,KEF,NORD-OUEST,,TOUIREF,HIGH
BARGOU,BARGOU,SILIANA,NORD-OUEST,,BARGOU,HIGH
BOU ARADA,BOU ARADA,SILIANA,NORD-OUEST,,BOU ARADA,HIGH
BOU ROUIS,BOU ROUIS,SILIANA,NORD-OUEST,,BOU ROUIS,HIGH
EL KRIB,EL KRIB,SILIANA,NORD-OUEST,,EL KRIB;KRIB,HIGH
GAAFOUR,GAAFOUR,SILIANA,NORD-OUEST,,GAAFOUR,HIGH
KESRA,KESRA,SILIANA,NORD-OUEST,,KESRA,HIGH
MAKTHAR,MAKTHAR,SILIANA,NORD-OUEST,,MAKTHAR,HIGH
ROUHIA,ROUHIA,SILIANA,NORD-OUEST,,ROUHIA;ROHIA,HIGH
SIDI BOU ROUIS,SIDI BOU ROUIS,SILIANA,NORD-OUEST,,SIDI BOU ROUIS,HIGH
SILIANA,SILIANA,SILIANA,NORD-OUEST,,SILIANA,HIGH
EL HAMMA,EL HAMMA,GABES,SUD-EST,,EL HAMMA;HAMMA,HIGH
GABES,GABES,GABES,SUD-EST,,GABES;GABES VILLE,HIGH
BOUCHEMMA,GABES SUD,GABES,SUD-EST,,BOUCHEMMA,HIGH
GHANNOUCH,GHANNOUCH,GABES,SUD-EST,,GHANNOUCH,HIGH
MARETH,MARETH,GABES,SUD-EST,,MARETH,HIGH
MATMATA,MATMATA,GABES,SUD-EST,,MATMATA,HIGH
MENZEL EL HABIB,MENZEL EL HABIB,GABES,SUD-EST,,MENZEL EL HABIB;MENZELEL HABIB,HIGH
METOUIA,METOUIA,GABES,SUD-EST,,METOUIA;MTOUIA,HIGH
NOUVELLE MATMATA,NOUVELLE MATMATA,GABES,SUD-EST,,NOUVELLE MATMATA,HIGH
BEN GUERDANE,BEN GUERDANE,MEDENINE,SUD-EST,,BEN GUERDANE;BENGUERDENE;BENGARDANE,HIGH
BENI KHEDACHE,BENI KHEDACHE,MEDENINE,SUD-EST,,BENI KHEDACHE;BENI KHEDECHE,HIGH
DJERBA AJIM,DJERBA AJIM,MEDENINE,SUD-EST,,DJERBA AJIM;AJIM;JERBA AJIM,HIGH
DJERBA HOUMT SOUK,DJERBA HOUMT SOUK,MEDENINE,SUD-EST,,DJERBA HOUMT SOUK;HOUMT SOUK;JERBA HOUMT SOUK,HIGH
MELLITA,DJERBA HOUMT SOUK,MEDENINE,SUD-EST,,MELLITA;MELITA,HIGH
DJERBA MIDOUN,DJERBA MIDOUN,MEDENINE,SUD-EST,,DJERBA MIDOUN;MIDOUN;JERBA MIDOUN,HIGH
BOUGHRARA,MEDENINE,MEDENINE,SUD-EST,,BOUGHRARA,HIGH
MEDENINE,MEDENINE,MEDENINE,SUD-EST,,MEDENINE;MEDNINE;MEDNIN,HIGH
SIDI MAKHLOUF,SIDI MAKHLOUF,MEDENINE,SUD-EST,,SIDI MAKHLOUF,HIGH
ZARZIS,ZARZIS,MEDENINE,SUD-EST,,ZARZIS,HIGH
BIR LAHMAR,BIR LAHMAR,TATAOUINE,SUD-EST,,BIR LAHMAR,HIGH
DHEHIBA,DHEHIBA,TATAOUINE,SUD-EST,,DHEHIBA;DHEHIBA REMADA,HIGH
GHOMRASSEN,GHOMRASSEN,TATAOUINE,SUD-EST,,GHOMRASSEN,HIGH
REMADA,REMADA,TATAOUINE,SUD-EST,,REMADA;RMADA,HIGH
SMAR,SMAR,TATAOUINE,SUD-EST,,SMAR,HIGH
BENI MHIRA,TATAOUINE,TATAOUINE,SUD-EST,,BENI MHIRA,HIGH
TATAOUINE,TATAOUINE,TATAOUINE,SUD-EST,,TATAOUINE;TATAOUIN;TATAOUIEN,HIGH
BELKHIR,BELKHIR,GAFSA,SUD-OUEST,,BELKHIR,HIGH
EL GUETAR,EL GUETAR,GAFSA,SUD-OUEST,,EL GUETAR,HIGH
EL KSAR,EL KSAR,GAFSA,SUD-OUEST,,EL KSAR;KSAR GAFSA,HIGH
GAFSA,GAFSA,GAFSA,SUD-OUEST,,GAFSA;GAFES,HIGH
MDHILLA,MDHILLA,GAFSA,SUD-OUEST,,MDHILLA;M DHILLA,HIGH
METLAOUI,METLAOUI,GAFSA,SUD-OUEST,,METLAOUI;METLAOUI,HIGH
MOULARES,MOULARES,GAFSA,SUD-OUEST,,MOULARES;MOU LARES,HIGH
REDEYEF,REDEYEF,GAFSA,SUD-OUEST,,REDEYEF;REDAYEF,HIGH
SENED,SENED,GAFSA,SUD-OUEST,,SENED,HIGH
SIDI AICH,SIDI AICH,GAFSA,SUD-OUEST,,SIDI AICH,HIGH
DOUZ,DOUZ,KEBILI,SUD-OUEST,,DOUZ,HIGH
EL FAOUAR,EL FAOUAR,KEBILI,SUD-OUEST,,EL FAOUAR;FAOUAR,HIGH
EL GOLAA,EL GOLAA,KEBILI,SUD-OUEST,,EL GOLAA;GOLAA,HIGH
JEMNA,JEMNA,KEBILI,SUD-OUEST,,JEMNA,HIGH
KEBILI,KEBILI,KEBILI,SUD-OUEST,,KEBILI;KEBILLI,HIGH
SOUK LAHAD,SOUK LAHAD,KEBILI,SUD-OUEST,,SOUK LAHAD,HIGH
DEGACHE,DEGACHE,TOZEUR,SUD-OUEST,,DEGACHE,HIGH
HAMMA DU JERID,HAMMA DU JERID,TOZEUR,SUD-OUEST,,HAMMA DU JERID;HAMMA DE JERID;HAMMA;EL HAMMA TOZEUR,HIGH
HAZOUA,HAZOUA,TOZEUR,SUD-OUEST,,HAZOUA,HIGH
NEFTA,NEFTA,TOZEUR,SUD-OUEST,,NEFTA,HIGH
TAMERZA,TAMERZA,TOZEUR,SUD-OUEST,,TAMERZA;TAMEGHZA,HIGH
TOZEUR,TOZEUR,TOZEUR,SUD-OUEST,,TOZEUR,HIGH
AEROPORT TUNIS CARTHAGE,,ARIANA,GRAND TUNIS,2035,AEROPORT TUNIS CARTHAGE|TUNIS CARTHAGE AIRPORT|CARTHAGE AIRPORT|AEROPORT CARTHAGE,HIGH
CITE ENNASR,,ARIANA,GRAND TUNIS,2037,CITE ENNASR|ENNASR|ENNACER|ENNASER|CITE ENNACER,HIGH
KHZEMA,,TUNIS,GRAND TUNIS,1082,KHZEMA|KHZEIMA|KHZIMA,HIGH
CHARGUIA,,ARIANA,GRAND TUNIS,2035,CHARGUIA|CHARGHUIA,HIGH
LAC TUNIS,,TUNIS,GRAND TUNIS,1053,LAC TUNIS|LAC 1|LAC 2|LES BERGES DU LAC,HIGH
MONTPLAISIR,,TUNIS,GRAND TUNIS,1073,MONTPLAISIR|MONT PLAISIR,HIGH
BARDO,,BARDO,GRAND TUNIS,2000,BARDO|LE BARDO,HIGH
CITE OLYMPIQUE,,TUNIS,GRAND TUNIS,1003,CITE OLYMPIQUE|OLYMPIQUE,HIGH
MELLASSINE,SEJOUMI,TUNIS,GRAND TUNIS,1111,MELLASSINE TUNIS,HIGH
LAFAYETTE,BABELKHADRA,TUNIS,GRAND TUNIS,1002,LAFAYETTE,HIGH
EL AGBA,EL AGBA,TUNIS,GRAND TUNIS,1003,EL AGBA|AGBA,HIGH
DJERBA,DJERBA HOUMT SOUK,MEDENINE,SUD-EST,4180,DJERBA|DJERBA ILE,HIGH
BOUMHAL,BOUMHAL,BEN AROUS,GRAND TUNIS,2097,BOUMHAL|BOU MHAL|BOUMHEL,HIGH
MGHIRA,MGHIRA,BEN AROUS,GRAND TUNIS,2082,MGHIRA|MGHIRA BEN AROUS,HIGH
AOUINA,EL AOUINA,TUNIS,GRAND TUNIS,1019,AOUINA|EL AOUINA|L AOUINA|LAOUINA,HIGH
SIJOUMI,SEJOUMI,TUNIS,GRAND TUNIS,1111,SIJOUMI|SEJOUMI,HIGH
CENTRE URBAIN NORD,ETTADHAMEN,ARIANA,GRAND TUNIS,2036,CENTRE URBAIN NORD|CUN,HIGH
CITE EZZOUHOUR,EZZOUHOUR,TUNIS,GRAND TUNIS,1008,CITE EZZOUHOUR|CITE EZ ZOUHOUR,HIGH
LAC,LAC,TUNIS,GRAND TUNIS,1053,LAC|LES LACS,HIGH
MENZAH 9,EL MENZAH,ARIANA,GRAND TUNIS,1013,MENZAH 9|EL MENZAH 9|MENZAH9,HIGH
JARDINS DE CARTHAGE,LA MARSA,ARIANA,GRAND TUNIS,2078,JARDINS DE CARTHAGE|JARDIN DE CARTHAGE,HIGH
ENNAKHIL,ENNAKHIL,ARIANA,GRAND TUNIS,2088,ENNAKHIL|ENNAKEL|ENNAKHEL,HIGH
DJEBA,HOUMET ESSOUK,MEDENINE,SUD-EST,4180,DJEBA|JERBA,HIGH
HOUMET ESSOUK,HOUMET ESSOUK,MEDENINE,SUD-EST,4180,HOUMET ESSOUK|HOMET SOUK,HIGH
AJIM,AJIM,MEDENINE,SUD-EST,4135,AJIM|AJIM JERBA,HIGH
SELIANA,SILIANA,SILIANA,NORD-OUEST,6100,SELIANA|SILIENA,HIGH
OUED GUERIANA,GUERIANA,KASSERINE,CENTRE-OUEST,1263,OUED GUERIANA,HIGH
ZAREMDIN,ZAREMDIN,NABEUL,NORD-EST,8040,ZAREMDIN|ZAREMDINE,HIGH
BIR EL BEY,BIR EL BEY,BEN AROUS,GRAND TUNIS,2024,BIR EL BEY|BIR EL BEI,HIGH
CITE ETTAHRIR,EZZOUHOUR,TUNIS,GRAND TUNIS,1008,CITE ETTAHRIR|CITE ETTAHRI,HIGH
CITE KHADHRA,BABELKHADRA,TUNIS,GRAND TUNIS,1002,CITE KHADHRA|KHADHRA,HIGH
RIADH ANDALOUS,ARIANA,ARIANA,GRAND TUNIS,2058,RIADH ANDALOUS|RIADH LANDALOUS|RIYADH ANDALOUS,HIGH
EL KSOUR,LES KSOUR,KEF,NORD-OUEST,7140,EL KSOUR,HIGH
SOLTANIA,SFAX VILLE,SFAX,CENTRE-EST,3000,SOLTANIA|SULTANIA,HIGH
BEB SAADOUN,MEDINA,TUNIS,GRAND TUNIS,1006,BEB SAADOUN|BAB SAADOUN|BAB SAADUN,HIGH
MJEZ EL BEB,MEDJEZ EL BAB,BEJA,NORD-OUEST,9070,MJEZ EL BEB|MJEZ ELBEB,HIGH
MENZEL CHEKER,MENZEL CHAKER,MAHDIA,CENTRE-EST,5160,MENZEL CHEKER|MENZEL HEDI CHEKER,HIGH
MAKNASSY,MAKNASSY,SIDI BOUZID,CENTRE-OUEST,9140,MAKNASSY|MEKNASSY|MAKNASSI,HIGH
