geo_sk,geo_key,approval_status,approved_region,approved_gouvernorat,approved_localite,approved_code_postal,correction_type,correction_reason,candidate_summary
1095,TUNISIE|SOUSSE|CENTRE EST|SIDI BOU ALI|UNKNOWN,APPROVED,CENTRE EST,SOUSSE,SIDI BOU ALI,4040,APPROVED_FILL_GOV_LOCALITE,unique postal reference match,SOUSSE/SIDI BOU ALI/SIDI BOU ALI/SIDI BOU ALI/4040
1490,UNKNOWN|UNKNOWN|UNKNOWN|AGBA|UNKNOWN,APPROVED,CENTRE EST,MAHDIA,AGBA,5113,APPROVED_FILL_GLOBAL_LOCALITE,unique postal reference match,MAHDIA/HBIRA/AGBA/AGBA/5113
1494,UNKNOWN|UNKNOWN|UNKNOWN|AIN CHARFI|UNKNOWN,APPROVED,CENTRE EST,SFAX,AIN CHARFI,3000,APPROVED_FILL_GLOBAL_LOCALITE,unique postal reference match,SFAX/SFAX VILLE/AIN CHARFI/AIN CHARFI/3000
1498,UNKNOWN|UNKNOWN|UNKNOWN|AIN KEMICHA|UNKNOWN,APPROVED,NORD EST,NABEUL,AIN KEMICHA,8000,APPROVED_FILL_GLOBAL_LOCALITE,unique postal reference match,NABEUL/NABEUL/AIN KEMICHA/AIN KEMICHA/8000
1511,UNKNOWN|UNKNOWN|UNKNOWN|AMRA NOUVELLE|UNKNOWN,APPROVED,SUD EST,MEDENINE,AMRA NOUVELLE,4100,APPROVED_FILL_GLOBAL_LOCALITE,unique postal reference match,MEDENINE/MEDENINE SUD/AMRA NOUVELLE/AMRA NOUVELLE/4100
1519,UNKNOWN|UNKNOWN|UNKNOWN|ARRAM|UNKNOWN,APPROVED,SUD EST,GABES,ARRAM,6016,APPROVED_FILL_GLOBAL_LOCALITE,unique postal reference match,GABES/MARETH/ARRAM/ARRAM/6016
1541,UNKNOWN|UNKNOWN|UNKNOWN|AZMOUR|UNKNOWN,APPROVED,NORD EST,NABEUL,AZMOUR,8035,APPROVED_FILL_GLOBAL_LOCALITE,unique postal reference match,NABEUL/KELIBIA/AZMOUR/AZMOUR/8035
1545,UNKNOWN|UNKNOWN|UNKNOWN|BAB ALIOUA|UNKNOWN,APPROVED,GRAND TUNIS,TUNIS,BAB ALIOUA,1089,APPROVED_FILL_GLOBAL_LOCALITE,unique postal reference match,TUNIS/SIDI EL BECHIR/BAB ALIOUA/BAB ALIOUA/1089
1555,UNKNOWN|UNKNOWN|UNKNOWN|BAB SAADOUN|UNKNOWN,APPROVED,GRAND TUNIS,TUNIS,BAB SAADOUN,1029,APPROVED_FILL_GLOBAL_LOCALITE,unique postal reference match,TUNIS/BAB SOUIKA/BAB SAADOUN/BAB SAADOUN/1029
1560,UNKNOWN|UNKNOWN|UNKNOWN|BAHRA|UNKNOWN,APPROVED,NORD OUEST,KEF,BAHRA,7116,APPROVED_FILL_GLOBAL_LOCALITE,unique postal reference match,KEF/LE KEF EST/BAHRA/BAHRA/7116
1571,UNKNOWN|UNKNOWN|UNKNOWN|BARRAKET ESSAHEL|UNKNOWN,APPROVED,NORD EST,NABEUL,BARRAKET ESSAHEL,8056,APPROVED_FILL_GLOBAL_LOCALITE,unique postal reference match,NABEUL/HAMMAMET/BARRAKET ESSAHEL/BARRAKET ESSAHEL/8056
1573,UNKNOWN|UNKNOWN|UNKNOWN|BAZINA|UNKNOWN,APPROVED,NORD EST,BIZERTE,BAZINA,7012,APPROVED_FILL_GLOBAL_LOCALITE,unique postal reference match,BIZERTE/JOUMINE/BAZINA/BAZINA/7012
1588,UNKNOWN|UNKNOWN|UNKNOWN|BELLI|UNKNOWN,APPROVED,NORD EST,NABEUL,BELLI,8022,APPROVED_FILL_GLOBAL_LOCALITE,unique postal reference match,NABEUL/BOU ARGOUB/BELLI/BELLI/8022
1595,UNKNOWN|UNKNOWN|UNKNOWN|BEN OUN|UNKNOWN,APPROVED,CENTRE OUEST,SIDI BOUZID,BEN OUN,9120,APPROVED_FILL_GLOBAL_LOCALITE,unique postal reference match,SIDI BOUZID/BEN OUN/BEN OUN/BEN OUN/9120
1596,UNKNOWN|UNKNOWN|UNKNOWN|BENI HASSEN|UNKNOWN,APPROVED,CENTRE EST,MONASTIR,BENI HASSEN,5014,APPROVED_FILL_GLOBAL_LOCALITE,unique postal reference match,MONASTIR/BENI HASSEN/BENI HASSEN/BENI HASSEN/5014
1601,UNKNOWN|UNKNOWN|UNKNOWN|BENNANE|UNKNOWN,APPROVED,CENTRE EST,MONASTIR,BENNANE,5025,APPROVED_FILL_GLOBAL_LOCALITE,unique postal reference match,MONASTIR/KSIBET EL MEDIOUNI/BENNANE/BENNANE/5025
1602,UNKNOWN|UNKNOWN|UNKNOWN|BERGE DU LAC|UNKNOWN,APPROVED,GRAND TUNIS,TUNIS,BERGE DU LAC,1053,APPROVED_FILL_GLOBAL_LOCALITE,unique postal reference match,TUNIS/LA MARSA/BERGE DU LAC/BERGE DU LAC/1053
1605,UNKNOWN|UNKNOWN|UNKNOWN|BIR ALI BEN KHELIFA|UNKNOWN,APPROVED,CENTRE EST,SFAX,BIR ALI BEN KHELIFA,3040,APPROVED_FILL_GLOBAL_LOCALITE,unique postal reference match,SFAX/BIR ALI BEN KHELIFA/BIR ALI BEN KHELIFA/BIR ALI BEN KHELIFA/3040
1610,UNKNOWN|UNKNOWN|UNKNOWN|BIR BOUREGBA|UNKNOWN,APPROVED,NORD EST,NABEUL,BIR BOUREGBA,8042,APPROVED_FILL_GLOBAL_LOCALITE,unique postal reference match,NABEUL/HAMMAMET/BIR BOUREGBA/BIR BOUREGBA/8042
1612,UNKNOWN|UNKNOWN|UNKNOWN|BIR CHAOUCH|UNKNOWN,APPROVED,NORD EST,ZAGHOUAN,BIR CHAOUCH,1163,APPROVED_FILL_GLOBAL_LOCALITE,unique postal reference match,ZAGHOUAN/ENNADHOUR/BIR CHAOUCH/BIR CHAOUCH/1163
1614,UNKNOWN|UNKNOWN|UNKNOWN|BIR DRASSEN|UNKNOWN,APPROVED,NORD EST,NABEUL,BIR DRASSEN,8014,APPROVED_FILL_GLOBAL_LOCALITE,unique postal reference match,NABEUL/BENI KHALLED/BIR DRASSEN/BIR DRASSEN/8014
1618,UNKNOWN|UNKNOWN|UNKNOWN|BIR EL HAFFEY|UNKNOWN,APPROVED,CENTRE OUEST,SIDI BOUZID,BIR EL HAFFEY,9113,APPROVED_FILL_GLOBAL_LOCALITE,unique postal reference match,SIDI BOUZID/BIR EL HAFFEY/BIR EL HAFFEY/BIR EL HAFFEY/9113
1620,UNKNOWN|UNKNOWN|UNKNOWN|BIR EL KASSAA|UNKNOWN,APPROVED,GRAND TUNIS,BEN AROUS,BIR EL KASSAA,2059,APPROVED_FILL_GLOBAL_LOCALITE,unique postal reference match,BEN AROUS/EL MOUROUJ/BIR EL KASSAA/BIR EL KASSAA/2059
1624,UNKNOWN|UNKNOWN|UNKNOWN|BIRINE|UNKNOWN,APPROVED,GRAND TUNIS,TUNIS,BIRINE,1095,APPROVED_FILL_GLOBAL_LOCALITE,unique postal reference match,TUNIS/SIDI HASSINE/BIRINE/BIRINE/1095
1639,UNKNOWN|UNKNOWN|UNKNOWN|BORJ CEDRIA|UNKNOWN,APPROVED,GRAND TUNIS,BEN AROUS,BORJ CEDRIA,2084,APPROVED_FILL_GLOBAL_LOCALITE,unique postal reference match,BEN AROUS/HAMMAM CHATT/BORJ CEDRIA/BORJ CEDRIA/2084
1640,UNKNOWN|UNKNOWN|UNKNOWN|BORJ CHAKIR|UNKNOWN,APPROVED,GRAND TUNIS,TUNIS,BORJ CHAKIR,1095,APPROVED_FILL_GLOBAL_LOCALITE,unique postal reference match,TUNIS/SIDI HASSINE/BORJ CHAKIR/BORJ CHAKIR/1095
1643,UNKNOWN|UNKNOWN|UNKNOWN|BORJ LOUZIR|UNKNOWN,APPROVED,GRAND TUNIS,ARIANA,BORJ LOUZIR,2073,APPROVED_FILL_GLOBAL_LOCALITE,unique postal reference match,ARIANA/LA SOUKRA/BORJ LOUZIR/BORJ LOUZIR/2073
1646,UNKNOWN|UNKNOWN|UNKNOWN|BORTAL HAYDER|UNKNOWN,APPROVED,GRAND TUNIS,TUNIS,BORTAL HAYDER,2009,APPROVED_FILL_GLOBAL_LOCALITE,unique postal reference match,TUNIS/LE BARDO/BORTAL HAYDER/BORTAL HAYDER/2009
1647,UNKNOWN|UNKNOWN|UNKNOWN|BOU CHEMMA|UNKNOWN,APPROVED,SUD EST,GABES,BOU CHEMMA,6031,APPROVED_FILL_GLOBAL_LOCALITE,unique postal reference match,GABES/GABES OUEST/BOU CHEMMA/BOU CHEMMA/6031
1648,UNKNOWN|UNKNOWN|UNKNOWN|BOU FICHA|UNKNOWN,APPROVED,CENTRE EST,SOUSSE,BOU FICHA,4010,APPROVED_FILL_GLOBAL_LOCALITE,unique postal reference match,SOUSSE/BOU FICHA/BOU FICHA/BOU FICHA/4010
1649,UNKNOWN|UNKNOWN|UNKNOWN|BOU GHRARA|UNKNOWN,APPROVED,SUD EST,MEDENINE,BOU GHRARA,4141,APPROVED_FILL_GLOBAL_LOCALITE,unique postal reference match,MEDENINE/MEDENINE SUD/BOU GHRARA/BOU GHRARA/4141
1655,UNKNOWN|UNKNOWN|UNKNOWN|BOUCHOUCHA|UNKNOWN,APPROVED,GRAND TUNIS,TUNIS,BOUCHOUCHA,2000,APPROVED_FILL_GLOBAL_LOCALITE,unique postal reference match,TUNIS/LE BARDO/BOUCHOUCHA/BOUCHOUCHA/2000
1672,UNKNOWN|UNKNOWN|UNKNOWN|CEBALET BEN AMMAR|UNKNOWN,APPROVED,GRAND TUNIS,ARIANA,CEBALET BEN AMMAR,2032,APPROVED_FILL_GLOBAL_LOCALITE,unique postal reference match,ARIANA/SIDI THABET/CEBALET BEN AMMAR/CEBALET BEN AMMAR/2032
1673,UNKNOWN|UNKNOWN|UNKNOWN|CEBBALA|UNKNOWN,APPROVED,CENTRE OUEST,SIDI BOUZID,CEBBALA,9122,APPROVED_FILL_GLOBAL_LOCALITE,unique postal reference match,SIDI BOUZID/CEBBALA/CEBBALA/CEBBALA/9122
1681,UNKNOWN|UNKNOWN|UNKNOWN|CHAOUAT|UNKNOWN,APPROVED,GRAND TUNIS,MANOUBA,CHAOUAT,1134,APPROVED_FILL_GLOBAL_LOCALITE,unique postal reference match,MANOUBA/JEDAIDA/CHAOUAT/CHAOUAT/1134
1683,UNKNOWN|UNKNOWN|UNKNOWN|CHARGUIA 2|UNKNOWN,APPROVED,GRAND TUNIS,ARIANA,CHARGUIA 2,2035,APPROVED_FILL_GLOBAL_LOCALITE,unique postal reference match,ARIANA/LA SOUKRA/CHARGUIA 2/CHARGUIA 2/2035
1688,UNKNOWN|UNKNOWN|UNKNOWN|CHEBIKA|UNKNOWN,APPROVED,CENTRE OUEST,KAIROUAN,CHEBIKA,3121,APPROVED_FILL_GLOBAL_LOCALITE,unique postal reference match,KAIROUAN/CHEBIKA/CHEBIKA/CHEBIKA/3121
1690,UNKNOWN|UNKNOWN|UNKNOWN|CHERAHIL|UNKNOWN,APPROVED,CENTRE EST,MONASTIR,CHERAHIL,5034,APPROVED_FILL_GLOBAL_LOCALITE,unique postal reference match,MONASTIR/MOKNINE/CHERAHIL/CHERAHIL/5034
1698,UNKNOWN|UNKNOWN|UNKNOWN|CITE BHAR LAZREG|UNKNOWN,APPROVED,GRAND TUNIS,TUNIS,CITE BHAR LAZREG,2046,APPROVED_FILL_GLOBAL_LOCALITE,unique postal reference match,TUNIS/LA MARSA/CITE BHAR LAZREG/CITE BHAR LAZREG/2046
1700,UNKNOWN|UNKNOWN|UNKNOWN|CITE BOUZAIENE|UNKNOWN,APPROVED,GRAND TUNIS,TUNIS,CITE BOUZAIENE,2052,APPROVED_FILL_GLOBAL_LOCALITE,unique postal reference match,TUNIS/EL HRAIRIA/CITE BOUZAIENE/CITE BOUZAIENE/2052
1705,UNKNOWN|UNKNOWN|UNKNOWN|CITE EL HOUANI|UNKNOWN,APPROVED,NORD EST,NABEUL,CITE EL HOUANI,8040,APPROVED_FILL_GLOBAL_LOCALITE,unique postal reference match,NABEUL/BOU ARGOUB/CITE EL HOUANI/CITE EL HOUANI/8040
1722,UNKNOWN|UNKNOWN|UNKNOWN|CITE HELAL|UNKNOWN,APPROVED,GRAND TUNIS,TUNIS,CITE HELAL,2072,APPROVED_FILL_GLOBAL_LOCALITE,unique postal reference match,TUNIS/ESSIJOUMI/CITE HELAL/CITE HELAL/2072
1737,UNKNOWN|UNKNOWN|UNKNOWN|CITE OLYMPIQUE|UNKNOWN,APPROVED,SUD EST,TATAOUINE,CITE OLYMPIQUE,3253,APPROVED_FILL_GLOBAL_LOCALITE,unique postal reference match,TATAOUINE/DHEHIBA/CITE OLYMPIQUE/CITE OLYMPIQUE/3253
1738,UNKNOWN|UNKNOWN|UNKNOWN|CITE RAFAHA|UNKNOWN,APPROVED,GRAND TUNIS,ARIANA,CITE RAFAHA,2094,APPROVED_FILL_GLOBAL_LOCALITE,unique postal reference match,ARIANA/MNIHLA/CITE RAFAHA/CITE RAFAHA/2094
1739,UNKNOWN|UNKNOWN|UNKNOWN|CITE RIADH|UNKNOWN,APPROVED,NORD EST,NABEUL,CITE RIADH,8090,APPROVED_FILL_GLOBAL_LOCALITE,unique postal reference match,NABEUL/KELIBIA/CITE RIADH/CITE RIADH/8090
1743,UNKNOWN|UNKNOWN|UNKNOWN|DAR ALLOUCHE|UNKNOWN,APPROVED,NORD EST,NABEUL,DAR ALLOUCHE,8055,APPROVED_FILL_GLOBAL_LOCALITE,unique postal reference match,NABEUL/KELIBIA/DAR ALLOUCHE/DAR ALLOUCHE/8055
1744,UNKNOWN|UNKNOWN|UNKNOWN|DAR CHAABANE ELFEHRI|UNKNOWN,APPROVED,NORD EST,NABEUL,DAR CHAABANE ELFEHRI,8011,APPROVED_FILL_GLOBAL_LOCALITE,unique postal reference match,NABEUL/DAR CHAABANE ELFEHRI/DAR CHAABANE ELFEHRI/DAR CHAABANE ELFEHRI/8011
1746,UNKNOWN|UNKNOWN|UNKNOWN|DAR FADHAL|UNKNOWN,APPROVED,GRAND TUNIS,ARIANA,DAR FADHAL,2036,APPROVED_FILL_GLOBAL_LOCALITE,unique postal reference match,ARIANA/LA SOUKRA/DAR FADHAL/DAR FADHAL/2036
1748,UNKNOWN|UNKNOWN|UNKNOWN|DEGUECHE|UNKNOWN,APPROVED,SUD OUEST,TOZEUR,DEGUECHE,2260,APPROVED_FILL_GLOBAL_LOCALITE,unique postal reference match,TOZEUR/DEGUECHE/DEGUECHE/DEGUECHE/2260
1770,UNKNOWN|UNKNOWN|UNKNOWN|EL AIN|UNKNOWN,APPROVED,CENTRE EST,SFAX,EL AIN,3042,APPROVED_FILL_GLOBAL_LOCALITE,unique postal reference match,SFAX/SFAX SUD/EL AIN/EL AIN/3042
1774,UNKNOWN|UNKNOWN|UNKNOWN|EL AOUINA|UNKNOWN,APPROVED,SUD OUEST,KEBILI,EL AOUINA,4216,APPROVED_FILL_GLOBAL_LOCALITE,unique postal reference match,KEBILI/DOUZ/EL AOUINA/EL AOUINA/4216
1775,UNKNOWN|UNKNOWN|UNKNOWN|EL AROUSSA|UNKNOWN,APPROVED,NORD OUEST,SILIANA,EL AROUSSA,6116,APPROVED_FILL_GLOBAL_LOCALITE,unique postal reference match,SILIANA/EL AROUSSA/EL AROUSSA/EL AROUSSA/6116
1779,UNKNOWN|UNKNOWN|UNKNOWN|EL BORJINE|UNKNOWN,APPROVED,CENTRE EST,SOUSSE,EL BORJINE,4015,APPROVED_FILL_GLOBAL_LOCALITE,unique postal reference match,SOUSSE/MSAKEN/EL BORJINE/EL BORJINE/4015
1780,UNKNOWN|UNKNOWN|UNKNOWN|EL BRADAA|UNKNOWN,APPROVED,CENTRE EST,MAHDIA,EL BRADAA,5115,APPROVED_FILL_GLOBAL_LOCALITE,unique postal reference match,MAHDIA/KSOUR ESSAF/EL BRADAA/EL BRADAA/5115
1787,UNKNOWN|UNKNOWN|UNKNOWN|EL GUETTAR|UNKNOWN,APPROVED,SUD OUEST,GAFSA,EL GUETTAR,2180,APPROVED_FILL_GLOBAL_LOCALITE,unique postal reference match,GAFSA/EL GUETTAR/EL GUETTAR/EL GUETTAR/2180
1790,UNKNOWN|UNKNOWN|UNKNOWN|EL HEKAIMA|UNKNOWN,APPROVED,CENTRE EST,MAHDIA,EL HEKAIMA,5131,APPROVED_FILL_GLOBAL_LOCALITE,unique postal reference match,MAHDIA/MAHDIA/EL HEKAIMA/EL HEKAIMA/5131
1795,UNKNOWN|UNKNOWN|UNKNOWN|EL MAAGOULA|UNKNOWN,APPROVED,NORD OUEST,BEJA,EL MAAGOULA,9023,APPROVED_FILL_GLOBAL_LOCALITE,unique postal reference match,BEJA/BEJA SUD/EL MAAGOULA/EL MAAGOULA/9023
1800,UNKNOWN|UNKNOWN|UNKNOWN|EL MANAR|UNKNOWN,APPROVED,CENTRE OUEST,KAIROUAN,EL MANAR,3160,APPROVED_FILL_GLOBAL_LOCALITE,unique postal reference match,KAIROUAN/HAJEB EL AYOUN/EL MANAR/EL MANAR/3160
1801,UNKNOWN|UNKNOWN|UNKNOWN|EL MANAR 2|UNKNOWN,APPROVED,GRAND TUNIS,TUNIS,EL MANAR 2,2092,APPROVED_FILL_GLOBAL_LOCALITE,unique postal reference match,TUNIS/EL MENZAH/EL MANAR 2/EL MANAR 2/2092
1805,UNKNOWN|UNKNOWN|UNKNOWN|EL MAY|UNKNOWN,APPROVED,SUD EST,MEDENINE,EL MAY,4175,APPROVED_FILL_GLOBAL_LOCALITE,unique postal reference match,MEDENINE/MIDOUN/EL MAY/EL MAY/4175
1808,UNKNOWN|UNKNOWN|UNKNOWN|EL MEDINA|UNKNOWN,APPROVED,GRAND TUNIS,TUNIS,EL MEDINA,1000,APPROVED_FILL_GLOBAL_LOCALITE,unique postal reference match,TUNIS/LA MEDINA/EL MEDINA/EL MEDINA/1000
1809,UNKNOWN|UNKNOWN|UNKNOWN|EL MENZAH 5|UNKNOWN,APPROVED,GRAND TUNIS,ARIANA,EL MENZAH 5,2091,APPROVED_FILL_GLOBAL_LOCALITE,unique postal reference match,ARIANA/ARIANA VILLE/EL MENZAH 5/EL MENZAH 5/2091
1810,UNKNOWN|UNKNOWN|UNKNOWN|EL MENZAH 6|UNKNOWN,APPROVED,GRAND TUNIS,ARIANA,EL MENZAH 6,2091,APPROVED_FILL_GLOBAL_LOCALITE,unique postal reference match,ARIANA/ARIANA VILLE/EL MENZAH 6/EL MENZAH 6/2091
1811,UNKNOWN|UNKNOWN|UNKNOWN|EL MENZAH 7|UNKNOWN,APPROVED,GRAND TUNIS,ARIANA,EL MENZAH 7,2037,APPROVED_FILL_GLOBAL_LOCALITE,unique postal reference match,ARIANA/ARIANA VILLE/EL MENZAH 7/EL MENZAH 7/2037
1812,UNKNOWN|UNKNOWN|UNKNOWN|EL MENZAH 8|UNKNOWN,APPROVED,GRAND TUNIS,ARIANA,EL MENZAH 8,2037,APPROVED_FILL_GLOBAL_LOCALITE,unique postal reference match,ARIANA/ARIANA VILLE/EL MENZAH 8/EL MENZAH 8/2037
1813,UNKNOWN|UNKNOWN|UNKNOWN|EL MENZAH 9|UNKNOWN,APPROVED,GRAND TUNIS,TUNIS,EL MENZAH 9,1013,APPROVED_FILL_GLOBAL_LOCALITE,unique postal reference match,TUNIS/EL MENZAH/EL MENZAH 9/EL MENZAH 9/1013
1814,UNKNOWN|UNKNOWN|UNKNOWN|EL METOUIA|UNKNOWN,APPROVED,SUD EST,GABES,EL METOUIA,6010,APPROVED_FILL_GLOBAL_LOCALITE,unique postal reference match,GABES/EL METOUIA/EL METOUIA/EL METOUIA/6010
1822,UNKNOWN|UNKNOWN|UNKNOWN|EL OUERDIA|UNKNOWN,APPROVED,GRAND TUNIS,TUNIS,EL OUERDIA,1009,APPROVED_FILL_GLOBAL_LOCALITE,unique postal reference match,TUNIS/EL OUERDIA/EL OUERDIA/EL OUERDIA/1009
1827,UNKNOWN|UNKNOWN|UNKNOWN|EL YASMINETTE|UNKNOWN,APPROVED,GRAND TUNIS,BEN AROUS,EL YASMINETTE,2096,APPROVED_FILL_GLOBAL_LOCALITE,unique postal reference match,BEN AROUS/NOUVELLE MEDINA/EL YASMINETTE/EL YASMINETTE/2096
1847,UNKNOWN|UNKNOWN|UNKNOWN|ESSAIDA|UNKNOWN,APPROVED,GRAND TUNIS,MANOUBA,ESSAIDA,2031,APPROVED_FILL_GLOBAL_LOCALITE,unique postal reference match,MANOUBA/OUED ELLIL/ESSAIDA/ESSAIDA/2031
1848,UNKNOWN|UNKNOWN|UNKNOWN|ESSALTANIA|UNKNOWN,APPROVED,CENTRE EST,SFAX,ESSALTANIA,3081,APPROVED_FILL_GLOBAL_LOCALITE,unique postal reference match,SFAX/SAKIET EDDAIER/ESSALTANIA/ESSALTANIA/3081
1855,UNKNOWN|UNKNOWN|UNKNOWN|EZZAHROUNI|UNKNOWN,APPROVED,GRAND TUNIS,TUNIS,EZZAHROUNI,2051,APPROVED_FILL_GLOBAL_LOCALITE,unique postal reference match,TUNIS/EL HRAIRIA/EZZAHROUNI/EZZAHROUNI/2051
1868,UNKNOWN|UNKNOWN|UNKNOWN|GAFSA CITE ENNOUR|UNKNOWN,APPROVED,SUD OUEST,GAFSA,GAFSA CITE ENNOUR,2123,APPROVED_FILL_GLOBAL_LOCALITE,unique postal reference match,GAFSA/GAFSA SUD/GAFSA CITE ENNOUR/GAFSA CITE ENNOUR/2123
1869,UNKNOWN|UNKNOWN|UNKNOWN|GAFSA GARE|UNKNOWN,APPROVED,SUD OUEST,GAFSA,GAFSA GARE,2111,APPROVED_FILL_GLOBAL_LOCALITE,unique postal reference match,GAFSA/EL KSAR/GAFSA GARE/GAFSA GARE/2111
1873,UNKNOWN|UNKNOWN|UNKNOWN|GAMMART|UNKNOWN,APPROVED,GRAND TUNIS,TUNIS,GAMMART,1057,APPROVED_FILL_GLOBAL_LOCALITE,unique postal reference match,TUNIS/LA MARSA/GAMMART/GAMMART/1057
1881,UNKNOWN|UNKNOWN|UNKNOWN|GHANNOUCHE|UNKNOWN,APPROVED,SUD EST,GABES,GHANNOUCHE,6021,APPROVED_FILL_GLOBAL_LOCALITE,unique postal reference match,GABES/GHANNOUCHE/GHANNOUCHE/GHANNOUCHE/6021
1883,UNKNOWN|UNKNOWN|UNKNOWN|GHORNATA|UNKNOWN,APPROVED,NORD EST,BIZERTE,GHORNATA,7060,APPROVED_FILL_GLOBAL_LOCALITE,unique postal reference match,BIZERTE/UTIQUE/GHORNATA/GHORNATA/7060
1884,UNKNOWN|UNKNOWN|UNKNOWN|GHRAIBA|UNKNOWN,APPROVED,CENTRE EST,SFAX,GHRAIBA,3034,APPROVED_FILL_GLOBAL_LOCALITE,unique postal reference match,SFAX/GHRAIBA/GHRAIBA/GHRAIBA/3034
1890,UNKNOWN|UNKNOWN|UNKNOWN|GUELLALA|UNKNOWN,APPROVED,SUD EST,MEDENINE,GUELLALA,4155,APPROVED_FILL_GLOBAL_LOCALITE,unique postal reference match,MEDENINE/AJIM/GUELLALA/GUELLALA/4155
1900,UNKNOWN|UNKNOWN|UNKNOWN|HAMMAM BOURGUIBA|UNKNOWN,APPROVED,NORD OUEST,JENDOUBA,HAMMAM BOURGUIBA,8136,APPROVED_FILL_GLOBAL_LOCALITE,unique postal reference match,JENDOUBA/AIN DRAHAM/HAMMAM BOURGUIBA/HAMMAM BOURGUIBA/8136
1903,UNKNOWN|UNKNOWN|UNKNOWN|HAMMAM EL GHEZAZ|UNKNOWN,APPROVED,NORD EST,NABEUL,HAMMAM EL GHEZAZ,8025,APPROVED_FILL_GLOBAL_LOCALITE,unique postal reference match,NABEUL/HAMMAM EL GHEZAZ/HAMMAM EL GHEZAZ/HAMMAM EL GHEZAZ/8025
1904,UNKNOWN|UNKNOWN|UNKNOWN|HAMMAM ZRIBA|UNKNOWN,APPROVED,NORD EST,ZAGHOUAN,HAMMAM ZRIBA,1152,APPROVED_FILL_GLOBAL_LOCALITE,unique postal reference match,ZAGHOUAN/HAMMAM ZRIBA/HAMMAM ZRIBA/HAMMAM ZRIBA/1152
1910,UNKNOWN|UNKNOWN|UNKNOWN|HASSI AMOR|UNKNOWN,APPROVED,SUD EST,MEDENINE,HASSI AMOR,4131,APPROVED_FILL_GLOBAL_LOCALITE,unique postal reference match,MEDENINE/MEDENINE SUD/HASSI AMOR/HASSI AMOR/4131
1911,UNKNOWN|UNKNOWN|UNKNOWN|HASSI EL FRID|UNKNOWN,APPROVED,CENTRE OUEST,KASSERINE,HASSI EL FRID,1241,APPROVED_FILL_GLOBAL_LOCALITE,unique postal reference match,KASSERINE/HASSI EL FRID/HASSI EL FRID/HASSI EL FRID/1241
1912,UNKNOWN|UNKNOWN|UNKNOWN|HASSI JERBI|UNKNOWN,APPROVED,SUD EST,MEDENINE,HASSI JERBI,4174,APPROVED_FILL_GLOBAL_LOCALITE,unique postal reference match,MEDENINE/ZARZIS/HASSI JERBI/HASSI JERBI/4174
1914,UNKNOWN|UNKNOWN|UNKNOWN|HEDI CHAKER|UNKNOWN,APPROVED,GRAND TUNIS,TUNIS,HEDI CHAKER,1002,APPROVED_FILL_GLOBAL_LOCALITE,unique postal reference match,TUNIS/BAB BHAR/HEDI CHAKER/HEDI CHAKER/1002
1915,UNKNOWN|UNKNOWN|UNKNOWN|HEZOUA|UNKNOWN,APPROVED,SUD OUEST,TOZEUR,HEZOUA,2223,APPROVED_FILL_GLOBAL_LOCALITE,unique postal reference match,TOZEUR/HEZOUA/HEZOUA/HEZOUA/2223
1925,UNKNOWN|UNKNOWN|UNKNOWN|IBN SINA|UNKNOWN,APPROVED,GRAND TUNIS,TUNIS,IBN SINA,2066,APPROVED_FILL_GLOBAL_LOCALITE,unique postal reference match,TUNIS/EL KABBARIA/IBN SINA/IBN SINA/2066
1941,UNKNOWN|UNKNOWN|UNKNOWN|JARZOUNA|UNKNOWN,APPROVED,NORD EST,BIZERTE,JARZOUNA,7021,APPROVED_FILL_GLOBAL_LOCALITE,unique postal reference match,BIZERTE/JARZOUNA/JARZOUNA/JARZOUNA/7021
1949,UNKNOWN|UNKNOWN|UNKNOWN|JEBEL EL OUST|UNKNOWN,APPROVED,NORD EST,ZAGHOUAN,JEBEL EL OUST,1111,APPROVED_FILL_GLOBAL_LOCALITE,unique postal reference match,ZAGHOUAN/BIR MCHERGA/JEBEL EL OUST/JEBEL EL OUST/1111
1955,UNKNOWN|UNKNOWN|UNKNOWN|JEDILIANE|UNKNOWN,APPROVED,CENTRE OUEST,KASSERINE,JEDILIANE,1280,APPROVED_FILL_GLOBAL_LOCALITE,unique postal reference match,KASSERINE/JEDILIANE/JEDILIANE/JEDILIANE/1280
1957,UNKNOWN|UNKNOWN|UNKNOWN|JENDOUBA NORD|UNKNOWN,APPROVED,NORD OUEST,JENDOUBA,JENDOUBA NORD,8189,APPROVED_FILL_GLOBAL_LOCALITE,unique postal reference match,JENDOUBA/JENDOUBA NORD/JENDOUBA NORD/JENDOUBA NORD/8189
1958,UNKNOWN|UNKNOWN|UNKNOWN|JERBA|UNKNOWN,APPROVED,SUD EST,MEDENINE,JERBA,4180,APPROVED_FILL_GLOBAL_LOCALITE,unique postal reference match,MEDENINE/HOUMET ESSOUK/JERBA/JERBA/4180
1969,UNKNOWN|UNKNOWN|UNKNOWN|KAIROUAN SUD|UNKNOWN,APPROVED,CENTRE OUEST,KAIROUAN,KAIROUAN SUD,3131,APPROVED_FILL_GLOBAL_LOCALITE,unique postal reference match,KAIROUAN/KAIROUAN SUD/KAIROUAN SUD/KAIROUAN SUD/3131
1970,UNKNOWN|UNKNOWN|UNKNOWN|KALAA EL KHASBA|UNKNOWN,APPROVED,NORD OUEST,KEF,KALAA EL KHASBA,7113,APPROVED_FILL_GLOBAL_LOCALITE,unique postal reference match,KEF/KALAA EL KHASBA/KALAA EL KHASBA/KALAA EL KHASBA/7113
1971,UNKNOWN|UNKNOWN|UNKNOWN|KALAA ESSGHIRA|UNKNOWN,APPROVED,CENTRE EST,SOUSSE,KALAA ESSGHIRA,4021,APPROVED_FILL_GLOBAL_LOCALITE,unique postal reference match,SOUSSE/KALAA ESSGHIRA/KALAA ESSGHIRA/KALAA ESSGHIRA/4021
1976,UNKNOWN|UNKNOWN|UNKNOWN|KALAAT SINANE|UNKNOWN,APPROVED,NORD OUEST,KEF,KALAAT SINANE,7130,APPROVED_FILL_GLOBAL_LOCALITE,unique postal reference match,KEF/KALAAT SINANE/KALAAT SINANE/KALAAT SINANE/7130
1993,UNKNOWN|UNKNOWN|UNKNOWN|KERKENAH|UNKNOWN,APPROVED,CENTRE EST,SFAX,KERKENAH,3070,APPROVED_FILL_GLOBAL_LOCALITE,unique postal reference match,SFAX/KERKENAH/KERKENAH/KERKENAH/3070
1996,UNKNOWN|UNKNOWN|UNKNOWN|KERKER|UNKNOWN,APPROVED,CENTRE EST,MAHDIA,KERKER,5112,APPROVED_FILL_GLOBAL_LOCALITE,unique postal reference match,MAHDIA/BOU MERDES/KERKER/KERKER/5112
1998,UNKNOWN|UNKNOWN|UNKNOWN|KHAZNADAR|UNKNOWN,APPROVED,GRAND TUNIS,TUNIS,KHAZNADAR,2017,APPROVED_FILL_GLOBAL_LOCALITE,unique postal reference match,TUNIS/LE BARDO/KHAZNADAR/KHAZNADAR/2017
2001,UNKNOWN|UNKNOWN|UNKNOWN|KHELIDIA|UNKNOWN,APPROVED,GRAND TUNIS,BEN AROUS,KHELIDIA,2054,APPROVED_FILL_GLOBAL_LOCALITE,unique postal reference match,BEN AROUS/MORNAG/KHELIDIA/KHELIDIA/2054
2002,UNKNOWN|UNKNOWN|UNKNOWN|KHENIS|UNKNOWN,APPROVED,CENTRE EST,MONASTIR,KHENIS,5011,APPROVED_FILL_GLOBAL_LOCALITE,unique postal reference match,MONASTIR/MONASTIR/KHENIS/KHENIS/5011
2003,UNKNOWN|UNKNOWN|UNKNOWN|KHETMINE|UNKNOWN,APPROVED,NORD EST,BIZERTE,KHETMINE,7081,APPROVED_FILL_GLOBAL_LOCALITE,unique postal reference match,BIZERTE/EL ALIA/KHETMINE/KHETMINE/7081
2009,UNKNOWN|UNKNOWN|UNKNOWN|KORBOUS|UNKNOWN,APPROVED,NORD EST,NABEUL,KORBOUS,8041,APPROVED_FILL_GLOBAL_LOCALITE,unique postal reference match,NABEUL/SOLIMAN/KORBOUS/KORBOUS/8041
2010,UNKNOWN|UNKNOWN|UNKNOWN|KROUSSIA|UNKNOWN,APPROVED,CENTRE EST,SOUSSE,KROUSSIA,4026,APPROVED_FILL_GLOBAL_LOCALITE,unique postal reference match,SOUSSE/SIDI EL HENI/KROUSSIA/KROUSSIA/4026
2012,UNKNOWN|UNKNOWN|UNKNOWN|KSAR HELAL|UNKNOWN,APPROVED,CENTRE EST,MONASTIR,KSAR HELAL,5070,APPROVED_FILL_GLOBAL_LOCALITE,unique postal reference match,MONASTIR/KSAR HELAL/KSAR HELAL/KSAR HELAL/5070
2014,UNKNOWN|UNKNOWN|UNKNOWN|KSAR SAID|UNKNOWN,APPROVED,GRAND TUNIS,TUNIS,KSAR SAID,2009,APPROVED_FILL_GLOBAL_LOCALITE,unique postal reference match,TUNIS/LE BARDO/KSAR SAID/KSAR SAID/2009
2020,UNKNOWN|UNKNOWN|UNKNOWN|LA CHEBBA|UNKNOWN,APPROVED,CENTRE EST,MAHDIA,LA CHEBBA,5170,APPROVED_FILL_GLOBAL_LOCALITE,unique postal reference match,MAHDIA/LA CHEBBA/LA CHEBBA/LA CHEBBA/5170
2043,UNKNOWN|UNKNOWN|UNKNOWN|LE KRIB|UNKNOWN,APPROVED,NORD OUEST,SILIANA,LE KRIB,6120,APPROVED_FILL_GLOBAL_LOCALITE,unique postal reference match,SILIANA/LE KRIB/LE KRIB/LE KRIB/6120
2044,UNKNOWN|UNKNOWN|UNKNOWN|LE SERS|UNKNOWN,APPROVED,NORD OUEST,KEF,LE SERS,7180,APPROVED_FILL_GLOBAL_LOCALITE,unique postal reference match,KEF/LE SERS/LE SERS/LE SERS/7180
2053,UNKNOWN|UNKNOWN|UNKNOWN|MAHDIA EZZAHRA|UNKNOWN,APPROVED,CENTRE EST,MAHDIA,MAHDIA EZZAHRA,5199,APPROVED_FILL_GLOBAL_LOCALITE,unique postal reference match,MAHDIA/MAHDIA/MAHDIA EZZAHRA/MAHDIA EZZAHRA/5199
2056,UNKNOWN|UNKNOWN|UNKNOWN|MAHRAS|UNKNOWN,APPROVED,CENTRE EST,SFAX,MAHRAS,3060,APPROVED_FILL_GLOBAL_LOCALITE,unique postal reference match,SFAX/MAHRAS/MAHRAS/MAHRAS/3060
2062,UNKNOWN|UNKNOWN|UNKNOWN|MAKNASSY|UNKNOWN,APPROVED,CENTRE OUEST,SIDI BOUZID,MAKNASSY,9140,APPROVED_FILL_GLOBAL_LOCALITE,unique postal reference match,SIDI BOUZID/MAKNASSY/MAKNASSY/MAKNASSY/9140
2079,UNKNOWN|UNKNOWN|UNKNOWN|MARSA SAFSAF|UNKNOWN,APPROVED,GRAND TUNIS,TUNIS,MARSA SAFSAF,2078,APPROVED_FILL_GLOBAL_LOCALITE,unique postal reference match,TUNIS/LA MARSA/MARSA SAFSAF/MARSA SAFSAF/2078
2084,UNKNOWN|UNKNOWN|UNKNOWN|MAZTOURIA|UNKNOWN,APPROVED,SUD EST,TATAOUINE,MAZTOURIA,3252,APPROVED_FILL_GLOBAL_LOCALITE,unique postal reference match,TATAOUINE/TATAOUINE SUD/MAZTOURIA/MAZTOURIA/3252
2096,UNKNOWN|UNKNOWN|UNKNOWN|MEGRINE CHAKER|UNKNOWN,APPROVED,GRAND TUNIS,BEN AROUS,MEGRINE CHAKER,2024,APPROVED_FILL_GLOBAL_LOCALITE,unique postal reference match,BEN AROUS/MEGRINE/MEGRINE CHAKER/MEGRINE CHAKER/2024
2097,UNKNOWN|UNKNOWN|UNKNOWN|MEGRINE RIADH|UNKNOWN,APPROVED,GRAND TUNIS,BEN AROUS,MEGRINE RIADH,2014,APPROVED_FILL_GLOBAL_LOCALITE,unique postal reference match,BEN AROUS/MEGRINE/MEGRINE RIADH/MEGRINE RIADH/2014
2100,UNKNOWN|UNKNOWN|UNKNOWN|MEJEL BEL ABBES|UNKNOWN,APPROVED,CENTRE OUEST,KASSERINE,MEJEL BEL ABBES,1214,APPROVED_FILL_GLOBAL_LOCALITE,unique postal reference match,KASSERINE/MEJEL BEL ABBES/MEJEL BEL ABBES/MEJEL BEL ABBES/1214
2105,UNKNOWN|UNKNOWN|UNKNOWN|MENCHIA|UNKNOWN,APPROVED,SUD OUEST,KEBILI,MENCHIA,4230,APPROVED_FILL_GLOBAL_LOCALITE,unique postal reference match,KEBILI/SOUK EL AHAD/MENCHIA/MENCHIA/4230
2121,UNKNOWN|UNKNOWN|UNKNOWN|MENZEL FERSI|UNKNOWN,APPROVED,CENTRE EST,MONASTIR,MENZEL FERSI,5024,APPROVED_FILL_GLOBAL_LOCALITE,unique postal reference match,MONASTIR/MOKNINE/MENZEL FERSI/MENZEL FERSI/5024
2124,UNKNOWN|UNKNOWN|UNKNOWN|MENZEL HARB|UNKNOWN,APPROVED,CENTRE EST,MONASTIR,MENZEL HARB,5036,APPROVED_FILL_GLOBAL_LOCALITE,unique postal reference match,MONASTIR/BEMBLA/MENZEL HARB/MENZEL HARB/5036
2125,UNKNOWN|UNKNOWN|UNKNOWN|MENZEL HAYET|UNKNOWN,APPROVED,CENTRE EST,MONASTIR,MENZEL HAYET,5033,APPROVED_FILL_GLOBAL_LOCALITE,unique postal reference match,MONASTIR/ZERAMDINE/MENZEL HAYET/MENZEL HAYET/5033
2126,UNKNOWN|UNKNOWN|UNKNOWN|MENZEL HEDI CHAKER|UNKNOWN,APPROVED,CENTRE EST,SFAX,MENZEL HEDI CHAKER,3020,APPROVED_FILL_GLOBAL_LOCALITE,unique postal reference match,SFAX/MENZEL CHAKER/MENZEL HEDI CHAKER/MENZEL HEDI CHAKER/3020
2129,UNKNOWN|UNKNOWN|UNKNOWN|MENZEL KAMEL|UNKNOWN,APPROVED,CENTRE EST,MONASTIR,MENZEL KAMEL,5013,APPROVED_FILL_GLOBAL_LOCALITE,unique postal reference match,MONASTIR/JEMMAL/MENZEL KAMEL/MENZEL KAMEL/5013
2138,UNKNOWN|UNKNOWN|UNKNOWN|MESSADINE|UNKNOWN,APPROVED,CENTRE EST,SOUSSE,MESSADINE,4013,APPROVED_FILL_GLOBAL_LOCALITE,unique postal reference match,SOUSSE/MSAKEN/MESSADINE/MESSADINE/4013
2139,UNKNOWN|UNKNOWN|UNKNOWN|METLINE|UNKNOWN,APPROVED,NORD EST,BIZERTE,METLINE,7034,APPROVED_FILL_GLOBAL_LOCALITE,unique postal reference match,BIZERTE/RAS JEBEL/METLINE/METLINE/7034
2160,UNKNOWN|UNKNOWN|UNKNOWN|MONFLEURY|UNKNOWN,APPROVED,GRAND TUNIS,TUNIS,MONFLEURY,1089,APPROVED_FILL_GLOBAL_LOCALITE,unique postal reference match,TUNIS/SIDI EL BECHIR/MONFLEURY/MONFLEURY/1089
2167,UNKNOWN|UNKNOWN|UNKNOWN|MONTPLAISIR|UNKNOWN,APPROVED,GRAND TUNIS,TUNIS,MONTPLAISIR,1073,APPROVED_FILL_GLOBAL_LOCALITE,unique postal reference match,TUNIS/BAB BHAR/MONTPLAISIR/MONTPLAISIR/1073
2184,UNKNOWN|UNKNOWN|UNKNOWN|MTORRECH|UNKNOWN,APPROVED,SUD EST,GABES,MTORRECH,6014,APPROVED_FILL_GLOBAL_LOCALITE,unique postal reference match,GABES/GABES SUD/MTORRECH/MTORRECH/6014
2185,UNKNOWN|UNKNOWN|UNKNOWN|MUTUELLE VILLE|UNKNOWN,APPROVED,GRAND TUNIS,TUNIS,MUTUELLE VILLE,1082,APPROVED_FILL_GLOBAL_LOCALITE,unique postal reference match,TUNIS/EL MENZAH/MUTUELLE VILLE/MUTUELLE VILLE/1082
2187,UNKNOWN|UNKNOWN|UNKNOWN|NAASSEN|UNKNOWN,APPROVED,GRAND TUNIS,BEN AROUS,NAASSEN,1135,APPROVED_FILL_GLOBAL_LOCALITE,unique postal reference match,BEN AROUS/FOUCHANA/NAASSEN/NAASSEN/1135
2208,UNKNOWN|UNKNOWN|UNKNOWN|OUED CHAABOUNI|UNKNOWN,APPROVED,CENTRE EST,SFAX,OUED CHAABOUNI,3071,APPROVED_FILL_GLOBAL_LOCALITE,unique postal reference match,SFAX/SFAX EST/OUED CHAABOUNI/OUED CHAABOUNI/3071
2215,UNKNOWN|UNKNOWN|UNKNOWN|OULED CHAMAKH|UNKNOWN,APPROVED,CENTRE EST,MAHDIA,OULED CHAMAKH,5120,APPROVED_FILL_GLOBAL_LOCALITE,unique postal reference match,MAHDIA/OULED CHAMAKH/OULED CHAMAKH/OULED CHAMAKH/5120
2217,UNKNOWN|UNKNOWN|UNKNOWN|OULED SALAH|UNKNOWN,APPROVED,CENTRE EST,MAHDIA,OULED SALAH,5116,APPROVED_FILL_GLOBAL_LOCALITE,unique postal reference match,MAHDIA/KSOUR ESSAF/OULED SALAH/OULED SALAH/5116
2235,UNKNOWN|UNKNOWN|UNKNOWN|RAS TABIA|UNKNOWN,APPROVED,GRAND TUNIS,TUNIS,RAS TABIA,2000,APPROVED_FILL_GLOBAL_LOCALITE,unique postal reference match,TUNIS/EL OMRANE/RAS TABIA/RAS TABIA/2000
2238,UNKNOWN|UNKNOWN|UNKNOWN|REJICHE|UNKNOWN,APPROVED,CENTRE EST,MAHDIA,REJICHE,5121,APPROVED_FILL_GLOBAL_LOCALITE,unique postal reference match,MAHDIA/MAHDIA/REJICHE/REJICHE/5121
2241,UNKNOWN|UNKNOWN|UNKNOWN|REPUBLIQUE|UNKNOWN,APPROVED,GRAND TUNIS,TUNIS,REPUBLIQUE,1001,APPROVED_FILL_GLOBAL_LOCALITE,unique postal reference match,TUNIS/BAB BHAR/REPUBLIQUE/REPUBLIQUE/1001
2252,UNKNOWN|UNKNOWN|UNKNOWN|ROMMANA|UNKNOWN,APPROVED,GRAND TUNIS,TUNIS,ROMMANA,1068,APPROVED_FILL_GLOBAL_LOCALITE,unique postal reference match,TUNIS/EL OMRANE SUPERIEUR/ROMMANA/ROMMANA/1068
2295,UNKNOWN|UNKNOWN|UNKNOWN|RTIBA|UNKNOWN,APPROVED,NORD EST,NABEUL,RTIBA,8031,APPROVED_FILL_GLOBAL_LOCALITE,unique postal reference match,NABEUL/TAKELSA/RTIBA/RTIBA/8031
2316,UNKNOWN|UNKNOWN|UNKNOWN|SAHLOUL|UNKNOWN,APPROVED,CENTRE EST,SOUSSE,SAHLOUL,4054,APPROVED_FILL_GLOBAL_LOCALITE,unique postal reference match,SOUSSE/SOUSSE JAOUHARA/SAHLOUL/SAHLOUL/4054
2327,UNKNOWN|UNKNOWN|UNKNOWN|SALAMBO|UNKNOWN,APPROVED,GRAND TUNIS,TUNIS,SALAMBO,2025,APPROVED_FILL_GLOBAL_LOCALITE,unique postal reference match,TUNIS/CARTHAGE/SALAMBO/SALAMBO/2025
2331,UNKNOWN|UNKNOWN|UNKNOWN|SAOUEF|UNKNOWN,APPROVED,NORD EST,ZAGHOUAN,SAOUEF,1115,APPROVED_FILL_GLOBAL_LOCALITE,unique postal reference match,ZAGHOUAN/SAOUEF/SAOUEF/SAOUEF/1115
2344,UNKNOWN|UNKNOWN|UNKNOWN|SELTENE|UNKNOWN,APPROVED,NORD EST,NABEUL,SELTENE,8012,APPROVED_FILL_GLOBAL_LOCALITE,unique postal reference match,NABEUL/GROMBALIA/SELTENE/SELTENE/8012
2360,UNKNOWN|UNKNOWN|UNKNOWN|SIDI ABBES|UNKNOWN,APPROVED,CENTRE EST,SFAX,SIDI ABBES,3062,APPROVED_FILL_GLOBAL_LOCALITE,unique postal reference match,SFAX/SFAX SUD/SIDI ABBES/SIDI ABBES/3062
2364,UNKNOWN|UNKNOWN|UNKNOWN|SIDI ALOUENE|UNKNOWN,APPROVED,CENTRE EST,MAHDIA,SIDI ALOUENE,5190,APPROVED_FILL_GLOBAL_LOCALITE,unique postal reference match,MAHDIA/SIDI ALOUENE/SIDI ALOUENE/SIDI ALOUENE/5190
2366,UNKNOWN|UNKNOWN|UNKNOWN|SIDI AMOR|UNKNOWN,APPROVED,GRAND TUNIS,TUNIS,SIDI AMOR,2089,APPROVED_FILL_GLOBAL_LOCALITE,unique postal reference match,TUNIS/EL KRAM/SIDI AMOR/SIDI AMOR/2089
2368,UNKNOWN|UNKNOWN|UNKNOWN|SIDI BAHRI|UNKNOWN,APPROVED,GRAND TUNIS,TUNIS,SIDI BAHRI,1000,APPROVED_FILL_GLOBAL_LOCALITE,unique postal reference match,TUNIS/BAB BHAR/SIDI BAHRI/SIDI BAHRI/1000
2371,UNKNOWN|UNKNOWN|UNKNOWN|SIDI BOULBABA|UNKNOWN,APPROVED,SUD EST,GABES,SIDI BOULBABA,6012,APPROVED_FILL_GLOBAL_LOCALITE,unique postal reference match,GABES/GABES SUD/SIDI BOULBABA/SIDI BOULBABA/6012
2374,UNKNOWN|UNKNOWN|UNKNOWN|SIDI BOUSAID|UNKNOWN,APPROVED,GRAND TUNIS,TUNIS,SIDI BOUSAID,2026,APPROVED_FILL_GLOBAL_LOCALITE,unique postal reference match,TUNIS/CARTHAGE/SIDI BOUSAID/SIDI BOUSAID/2026
2380,UNKNOWN|UNKNOWN|UNKNOWN|SIDI EL HENI|UNKNOWN,APPROVED,CENTRE EST,SOUSSE,SIDI EL HENI,4025,APPROVED_FILL_GLOBAL_LOCALITE,unique postal reference match,SOUSSE/SIDI EL HENI/SIDI EL HENI/SIDI EL HENI/4025
2383,UNKNOWN|UNKNOWN|UNKNOWN|SIDI JEDIDI|UNKNOWN,APPROVED,NORD EST,NABEUL,SIDI JEDIDI,8032,APPROVED_FILL_GLOBAL_LOCALITE,unique postal reference match,NABEUL/HAMMAMET/SIDI JEDIDI/SIDI JEDIDI/8032
2388,UNKNOWN|UNKNOWN|UNKNOWN|SIDI REZIG|UNKNOWN,APPROVED,GRAND TUNIS,BEN AROUS,SIDI REZIG,2033,APPROVED_FILL_GLOBAL_LOCALITE,unique postal reference match,BEN AROUS/MEGRINE/SIDI REZIG/SIDI REZIG/2033
2404,UNKNOWN|UNKNOWN|UNKNOWN|SNED|UNKNOWN,APPROVED,SUD OUEST,GAFSA,SNED,2190,APPROVED_FILL_GLOBAL_LOCALITE,unique postal reference match,GAFSA/SNED/SNED/SNED/2190
2410,UNKNOWN|UNKNOWN|UNKNOWN|SOUK EL AHAD|UNKNOWN,APPROVED,SUD OUEST,KEBILI,SOUK EL AHAD,4230,APPROVED_FILL_GLOBAL_LOCALITE,unique postal reference match,KEBILI/SOUK EL AHAD/SOUK EL AHAD/SOUK EL AHAD/4230
2412,UNKNOWN|UNKNOWN|UNKNOWN|SOUNINE|UNKNOWN,APPROVED,NORD EST,BIZERTE,SOUNINE,7025,APPROVED_FILL_GLOBAL_LOCALITE,unique postal reference match,BIZERTE/RAS JEBEL/SOUNINE/SOUNINE/7025
2419,UNKNOWN|UNKNOWN|UNKNOWN|SOUSSE RIADH|UNKNOWN,APPROVED,CENTRE EST,SOUSSE,SOUSSE RIADH,4023,APPROVED_FILL_GLOBAL_LOCALITE,unique postal reference match,SOUSSE/SOUSSE RIADH/SOUSSE RIADH/SOUSSE RIADH/4023
2435,UNKNOWN|UNKNOWN|UNKNOWN|TAZARKA|UNKNOWN,APPROVED,NORD EST,NABEUL,TAZARKA,8024,APPROVED_FILL_GLOBAL_LOCALITE,unique postal reference match,NABEUL/KORBA/TAZARKA/TAZARKA/8024
2440,UNKNOWN|UNKNOWN|UNKNOWN|TEBOULBOU|UNKNOWN,APPROVED,SUD EST,GABES,TEBOULBOU,6032,APPROVED_FILL_GLOBAL_LOCALITE,unique postal reference match,GABES/GABES SUD/TEBOULBOU/TEBOULBOU/6032
2447,UNKNOWN|UNKNOWN|UNKNOWN|TOUZA|UNKNOWN,APPROVED,CENTRE EST,MONASTIR,TOUZA,5023,APPROVED_FILL_GLOBAL_LOCALITE,unique postal reference match,MONASTIR/KSIBET EL MEDIOUNI/TOUZA/TOUZA/5023
2459,UNKNOWN|UNKNOWN|UNKNOWN|TUNIS BELVEDERE|UNKNOWN,APPROVED,GRAND TUNIS,TUNIS,TUNIS BELVEDERE,1002,APPROVED_FILL_GLOBAL_LOCALITE,unique postal reference match,TUNIS/EL MENZAH/TUNIS BELVEDERE/TUNIS BELVEDERE/1002
2477,UNKNOWN|UNKNOWN|UNKNOWN|TYNA|UNKNOWN,APPROVED,CENTRE EST,SFAX,TYNA,3083,APPROVED_FILL_GLOBAL_LOCALITE,unique postal reference match,SFAX/SFAX SUD/TYNA/TYNA/3083
2496,UNKNOWN|UNKNOWN|UNKNOWN|ZAOUIET SOUSSE|UNKNOWN,APPROVED,CENTRE EST,SOUSSE,ZAOUIET SOUSSE,4081,APPROVED_FILL_GLOBAL_LOCALITE,unique postal reference match,SOUSSE/SOUSSE RIADH/ZAOUIET SOUSSE/ZAOUIET SOUSSE/4081
2503,UNKNOWN|UNKNOWN|UNKNOWN|ZOUARINE|UNKNOWN,APPROVED,NORD OUEST,KEF,ZOUARINE,7170,APPROVED_FILL_GLOBAL_LOCALITE,unique postal reference match,KEF/DAHMANI/ZOUARINE/ZOUARINE/7170
